epoch,step,train/loss,train/mean_return,train/position_magnitude,val/position_magnitude,val/return
0,9,0.31880444288253784,-0.003249834291636944,0.09498834609985352,,
0,19,0.22037632763385773,-0.0050010583363473415,0.08988682180643082,,
0,29,0.23003509640693665,-0.002303114626556635,0.09327054023742676,,
0,39,0.2747483253479004,-0.0032756770960986614,0.11141615360975266,,
0,49,0.3007849454879761,-0.004712562542408705,0.15424227714538574,,
0,59,0.07115793228149414,-0.0010222381679341197,0.1471046656370163,,
0,62,,,,0.10992418229579926,0.0004744079487863928
1,69,0.12336502224206924,-0.0019158382201567292,0.1850385069847107,,
1,79,-0.06523114442825317,0.0011756105814129114,0.1894829273223877,,
1,89,0.39259442687034607,-0.007272535469383001,0.19562949240207672,,
1,99,-0.053278062492609024,0.0008718468016013503,0.21890825033187866,,
1,109,0.048954736441373825,-0.000657338765449822,0.22499996423721313,,
1,119,0.2713957726955414,-0.004147648811340332,0.22447162866592407,,
1,125,,,,0.21378163993358612,0.0005115188541822135
2,129,-0.1008918434381485,0.002287851646542549,0.21137353777885437,,
2,139,-0.1441279649734497,0.002081750426441431,0.1974446177482605,,
2,149,-0.0522158145904541,0.0005576785770244896,0.1945919245481491,,
2,159,-0.030805597081780434,0.0005187633796595037,0.179596945643425,,
2,169,-0.056674305349588394,0.0019876775331795216,0.17929023504257202,,
2,179,0.09738083928823471,-0.0017072767950594425,0.16062189638614655,,
2,188,,,,0.03200629726052284,0.00037983711808919907
3,189,0.22075586020946503,-0.0013938783667981625,0.12194815278053284,,
3,199,-0.12251054495573044,0.001361814676783979,0.12560182809829712,,
3,209,0.08023965358734131,-0.0010437192395329475,0.28965991735458374,,
3,219,-0.05172765254974365,0.000693380949087441,0.3603001832962036,,
3,229,0.12144427746534348,-0.0018828646279871464,0.39446768164634705,,
3,239,-0.10951614379882812,0.0022285261657088995,0.39400923252105713,,
3,249,-0.07674115151166916,0.0011351271532475948,0.3884534537792206,,
3,251,,,,0.4274712800979614,-0.0005215233541093767
4,259,-0.054730795323848724,0.0006807385943830013,0.40983453392982483,,
4,269,0.07689695805311203,-0.000950480462051928,0.40660104155540466,,
4,279,0.07212213426828384,-0.0010979316430166364,0.40355485677719116,,
4,289,-0.1581767499446869,0.002243865979835391,0.3948217034339905,,
4,299,-0.026723587885499,0.0011082140263170004,0.3953053653240204,,
4,309,0.1742399036884308,-0.0031516405288130045,0.3904295265674591,,
4,314,,,,0.41363561153411865,-0.0005203789914958179
5,319,-0.2805362045764923,0.005035656504333019,0.3943636119365692,,
5,329,-0.20040686428546906,0.003800337901338935,0.396395742893219,,
5,339,-0.08880722522735596,0.0017562544671818614,0.3987818658351898,,
5,349,-0.048617444932460785,0.0007149700541049242,0.40594080090522766,,
5,359,-0.3746165335178375,0.005429139360785484,0.40111860632896423,,
5,369,0.10047731548547745,-0.0017663787584751844,0.40028783679008484,,
5,377,,,,0.411123126745224,-0.0005173091194592416
6,379,-0.168438121676445,0.0025576725602149963,0.40244337916374207,,
6,389,-0.5183782577514648,0.007344937417656183,0.3992255628108978,,
6,399,-0.2897234559059143,0.0036857028026133776,0.4049184024333954,,
6,409,-0.1638639271259308,0.002125916536897421,0.4053703546524048,,
6,419,-0.07582912594079971,0.001120146131142974,0.40579143166542053,,
6,429,-0.01940533146262169,0.0003159943735226989,0.4081311523914337,,
6,439,-0.20084747672080994,0.003236815333366394,0.4067842364311218,,
6,440,,,,0.41422757506370544,-0.0005152398371137679
7,449,0.034903090447187424,-0.0003883228055201471,0.4067344069480896,,
7,459,-0.26857420802116394,0.004776832181960344,0.40738362073898315,,
7,469,0.1937890350818634,-0.004407105036079884,0.39955276250839233,,
7,479,0.24855436384677887,-0.005373898893594742,0.3970705270767212,,
7,489,-0.1247812956571579,0.0023933211341500282,0.39773523807525635,,
7,499,-0.1739765852689743,0.002167662139981985,0.39280733466148376,,
7,503,,,,0.41014885902404785,-0.0005151120712980628
8,509,0.26409757137298584,-0.004545381758362055,0.3819737136363983,,
8,519,0.053704872727394104,-0.0012578066671267152,0.35207557678222656,,
8,529,-0.009183771908283234,0.00011225939670111984,0.3524281084537506,,
8,539,-0.10753711313009262,0.0013806377537548542,0.3514716327190399,,
8,549,0.07722139358520508,-0.0012145958608016372,0.37393420934677124,,
8,559,0.12864619493484497,-0.0027809934690594673,0.3746407926082611,,
8,566,,,,0.41436144709587097,-0.000515494670253247
9,569,-0.15365484356880188,0.0021797341760247946,0.3754480481147766,,
9,579,0.15229521691799164,-0.0020158179104328156,0.3630555272102356,,
9,589,-0.044169098138809204,0.0006503824261017144,0.3633786737918854,,
9,599,-0.03628377243876457,0.0006038853316567838,0.34234681725502014,,
9,609,0.013186528347432613,-0.00014922633999958634,0.3322560489177704,,
9,619,-0.16220563650131226,0.003460409352555871,0.3359111547470093,,
9,629,-0.2391834259033203,0.0033676468301564455,0.32296842336654663,,
9,629,,,,0.3743504285812378,-0.0005143914604559541
10,639,-0.013551833108067513,0.00020628527272492647,0.3408459424972534,,
10,649,-0.032215699553489685,0.0005225791828706861,0.3492737412452698,,
10,659,-0.1266748458147049,0.0021705704275518656,0.33037257194519043,,
10,669,0.12622585892677307,-0.001882124925032258,0.320173442363739,,
10,679,0.08963306248188019,-0.0014641411835327744,0.3053107261657715,,
10,689,-0.1405951827764511,0.001767598558217287,0.2620382606983185,,
10,692,,,,0.29001402854919434,-0.0005131509387865663
11,699,0.23429858684539795,-0.0031924156937748194,0.25247690081596375,,
11,709,0.09986470639705658,-0.001646019984036684,0.30003535747528076,,
11,719,-0.16352196037769318,0.0023074334021657705,0.31158483028411865,,
11,729,0.06668096035718918,-0.0012280030641704798,0.32769742608070374,,
11,739,-0.227595716714859,0.0043488759547472,0.3131844103336334,,
11,749,0.21490037441253662,-0.0027811010368168354,0.317162424325943,,
11,755,,,,0.32941290736198425,-0.0005153476377017796
12,759,-0.14660000801086426,0.0024310119915753603,0.3159867823123932,,
12,769,-0.11553690582513809,0.0015551240649074316,0.3110959827899933,,
12,779,-0.24052122235298157,0.0037535429000854492,0.3115241825580597,,
12,789,0.05448688566684723,-0.0019760667346417904,0.2918279767036438,,
12,799,0.2444751262664795,-0.0042515345849096775,0.2779928743839264,,
12,809,0.1340273767709732,-0.0019489498808979988,0.2892633378505707,,
12,818,,,,0.2981584668159485,-0.0005145024624653161
13,819,-0.17655763030052185,0.0022976084146648645,0.28421449661254883,,
13,829,-0.12417695671319962,0.0017279313178732991,0.25873899459838867,,
13,839,-0.21425002813339233,0.0035783397033810616,0.2703929543495178,,
13,849,-0.12821036577224731,0.0016465908847749233,0.28676411509513855,,
13,859,0.12239263951778412,-0.0016859739553183317,0.2964407205581665,,
13,869,0.07663809508085251,-0.002376451389864087,0.295316219329834,,
13,879,-0.07166877388954163,0.0017554524820297956,0.28792208433151245,,
13,881,,,,0.3136414587497711,-0.0005128268385306001
14,889,0.013609499670565128,-0.00017843948444351554,0.29999104142189026,,
14,899,-0.10135675966739655,0.0015747444704174995,0.3151627779006958,,
14,909,-0.10067833214998245,0.0017437597271054983,0.3285365402698517,,
14,919,-0.27697399258613586,0.006802320014685392,0.31969138979911804,,
14,929,-0.13462679088115692,0.002617486286908388,0.311283677816391,,
14,939,-0.07563098520040512,0.001376750529743731,0.30912449955940247,,
14,944,,,,0.31759411096572876,-0.0005138168344274163
15,949,-0.17445367574691772,0.002468647202476859,0.30940496921539307,,
15,959,0.4086497724056244,-0.0060726674273610115,0.295436292886734,,
15,969,0.16929039359092712,-0.0022697425447404385,0.309845507144928,,
15,979,0.16402411460876465,-0.0026331343688070774,0.30575016140937805,,
15,989,-0.16499875485897064,0.002486385637894273,0.30824965238571167,,
15,999,-0.024970287457108498,0.0005978566478006542,0.305248498916626,,
15,1007,,,,0.3081238865852356,-0.0005135186365805566
16,1009,0.05876807123422623,-0.0009528626105748117,0.2983751595020294,,
16,1019,0.17134670913219452,-0.0027308843564242125,0.3005541265010834,,
16,1029,0.054709542542696,-0.0009338940726593137,0.29991891980171204,,
16,1039,-0.3095490336418152,0.005493955221027136,0.3001076281070709,,
16,1049,0.04524931311607361,-0.0005250204703770578,0.2957310676574707,,
16,1059,0.01614534854888916,-0.00022729532793164253,0.29114681482315063,,
16,1069,0.009603834711015224,-0.0001806928776204586,0.2796195447444916,,
16,1070,,,,0.3009905517101288,-0.0005121640861034393
